ID,标题,时间,地点,链接,图片URL,本地图片,浏览量,收藏量,城市映射,标签,是否即将举行,格式化日期,采集时间
7827076896900,"深圳community day 开发者的聚会",10/26 09:00,广东深圳,https://usergroup.huodongxing.com/event/7827076896900?qd=8839540364256,https://cdn.huodongxing.com/logo/202509/7827076896900/175743588895489_v2.jpg,7827076896900.jpg,335,31,shenzhen,meetup;community,是,10月26日 09:00,2025-09-26T07:41:31.376Z
7827122841500,"S 创工作坊：一人工作室体验Kiro加持下的极简独立游戏开发！",09/27 13:30,上海浦东,https://usergroup.huodongxing.com/event/7827122841500?qd=8839540364256,https://cdn.huodongxing.com/logo/202509/7827122841500/235743908628186_v2.jpg,7827122841500.jpg,330,38,shanghai,workshop,是,09月27日 13:30,2025-09-26T07:41:31.376Z
3825656249900,"Kiro IDE 与 Strands SDK 驱动开发全生命周期智能升级",09/21 14:00,福建福州,https://usergroup.huodongxing.com/event/3825656249900?qd=8839540364256,https://cdn.huodongxing.com/logo/202509/3825656249900/205733723730703_v2.jpg,3825656249900.jpg,373,30,fuzhou,,否,09月21日 14:00,2025-09-26T07:41:31.376Z
3825927559300,"融合创新：Kiro 如何驱动智能体生态协作",09/21 14:00,安徽合肥,https://usergroup.huodongxing.com/event/3825927559300?qd=8839540364256,https://cdn.huodongxing.com/logo/202509/3825927559300/895735608075479_v2.jpg,3825927559300.jpg,225,37,hefei,,否,09月21日 14:00,2025-09-26T07:41:31.376Z
9826190998600,"Agentic IDE: 一人工作室 Kiro 开发你的第一个小游戏",09/20 13:30,重庆渝北,https://usergroup.huodongxing.com/event/9826190998600?qd=8839540364256,https://cdn.huodongxing.com/logo/202509/9826190998600/715737559312544_v2.jpg,9826190998600.jpg,162,11,,,否,09月20日 13:30,2025-09-26T07:41:31.376Z
9825098921900,"Kiro 领航：Agentic AI 开发实战与行业创新！",09/14 13:30,四川成都,https://usergroup.huodongxing.com/event/9825098921900?qd=8839540364256,https://cdn.huodongxing.com/logo/202509/9825098921900/745729862441264_v2.jpg,9825098921900.jpg,1471,107,chengdu,ai,否,09月14日 13:30,2025-09-26T07:41:31.376Z
9823831544800,"零距离体验：具身智能与 Kiro 的双重魅力！",09/14 14:00,上海浦东,https://usergroup.huodongxing.com/event/9823831544800?qd=8839540364256,https://cdn.huodongxing.com/logo/202508/9823831544800/205723833359041_v2.jpg,9823831544800.jpg,1174,112,shanghai,,否,09月14日 14:00,2025-09-26T07:41:31.376Z
2822211069600,"2025 深圳 生成式AI应用的可观测性实践 Meetup",08/30 14:00,广东深圳,https://usergroup.huodongxing.com/event/2822211069600?qd=8839540364256,https://cdn.huodongxing.com/logo/202508/2822211069600/745709802525996_v2.jpg,2822211069600.jpg,773,22,shenzhen,ai;生成式ai;meetup,否,08月30日 14:00,2025-09-26T07:41:31.376Z
9822020061900,"AI 创业加速器：Agent  MCP  IDE  向量数据库的实战与应用",08/24 14:00,广东广州,https://usergroup.huodongxing.com/event/9822020061900?qd=8839540364256,https://cdn.huodongxing.com/logo/202508/9822020061900/205709464114435_v2.jpg,9822020061900.jpg,574,49,guangzhou,ai,否,08月24日 14:00,2025-09-26T07:41:31.376Z
6821155937900,"生成式AI应用探索与实践：Kiro  Strands Agents SDK 实战指南",08/23 14:00,河南郑州,https://usergroup.huodongxing.com/event/6821155937900?qd=8839540364256,https://cdn.huodongxing.com/logo/202508/6821155937900/535703785793587_v2.jpg,6821155937900.jpg,290,7,,ai;生成式ai,否,08月23日 14:00,2025-09-26T07:41:31.376Z
3820347975700,"Agentic Al从概念验证到生产级部署的进化解锁！",08/16 13:30,北京朝阳,https://usergroup.huodongxing.com/event/3820347975700?qd=8839540364256,https://cdn.huodongxing.com/logo/202508/3820347975700/245698485371687_v2.jpg,3820347975700.jpg,1596,53,beijing,,否,08月16日 13:30,2025-09-26T07:41:42.159Z
1818418634800,"Kiro 与 Strands Agents SDK 带你迈入 AI 开发新纪元",08/02 13:30,上海浦东,https://usergroup.huodongxing.com/event/1818418634800?qd=8839540364256,https://cdn.huodongxing.com/logo/202507/1818418634800/455683474816299_v2.jpg,1818418634800.jpg,2577,89,shanghai,ai,否,08月02日 13:30,2025-09-26T07:41:42.159Z
7818422738700,"成都 User Group柴火空间：开源硬件驱动 AI 与云的创新实践！",08/02 13:30,四川成都,https://usergroup.huodongxing.com/event/7818422738700?qd=8839540364256,https://cdn.huodongxing.com/logo/202507/7818422738700/305684562838835_v2.jpg,7818422738700.jpg,3424,120,chengdu,ai,否,08月02日 13:30,2025-09-26T07:41:42.159Z
5817259712100,"拥抱智能体时代，共筑AGI未来",07/27 13:30,河南郑州,https://usergroup.huodongxing.com/event/5817259712100?qd=8839540364256,https://cdn.huodongxing.com/logo/202507/5817259712100/455675415976522_v2.jpg,5817259712100.jpg,746,47,,,否,07月27日 13:30,2025-09-26T07:41:42.159Z
6817997897000,"智践未来:Agentic AI 的落地探索与实战",07/26 13:30,安徽合肥,https://usergroup.huodongxing.com/event/6817997897000?qd=8839540364256,https://cdn.huodongxing.com/logo/202507/6817997897000/405680577561262_v2.jpg,6817997897000.jpg,2325,96,hefei,ai,否,07月26日 13:30,2025-09-26T07:41:42.160Z
1816558028000,"联合工作坊：AI 自动化智能体开发实战解密！",07/19 14:00,四川成都,https://usergroup.huodongxing.com/event/1816558028000?qd=8839540364256,https://cdn.huodongxing.com/logo/202507/1816558028000/385672492328003_v2.jpg,1816558028000.jpg,1683,95,chengdu,ai;workshop,否,07月19日 14:00,2025-09-26T07:41:42.160Z
9816117811600,"动手构建未来：Agentic智能体开发实战",07/19 14:00,北京海淀,https://usergroup.huodongxing.com/event/9816117811600?qd=8839540364256,https://cdn.huodongxing.com/logo/202507/9816117811600/525672492998004_v2.jpg,9816117811600.jpg,4117,165,beijing,,否,07月19日 14:00,2025-09-26T07:41:42.160Z
2815600917800,"智能体协同时代：MCP 生态AI Agent 与生成式研发的融合实践",07/13 14:00,广东深圳,https://usergroup.huodongxing.com/event/2815600917800?qd=8839540364256,https://cdn.huodongxing.com/logo/202507/2815600917800/425663942508209_v2.jpg,2815600917800.jpg,2617,168,shenzhen,ai,否,07月13日 14:00,2025-09-26T07:41:42.160Z
2815541527900,"卡牌学云架构：亚马逊云科技 Builder Cards 中文版成都首发！",07/12 14:00,四川成都,https://usergroup.huodongxing.com/event/2815541527900?qd=8839540364256,https://cdn.huodongxing.com/logo/202507/2815541527900/885663874157775_v2.jpg,2815541527900.jpg,1549,29,chengdu,,否,07月12日 14:00,2025-09-26T07:41:42.160Z
5811935359300,"Agentic AI 革命：智能体应用开发新时代！带你开启玩中学！",06/21 14:00,上海浦东,https://usergroup.huodongxing.com/event/5811935359300?qd=8839540364256,https://cdn.huodongxing.com/logo/202506/5811935359300/725638447056245_v2.jpg,5811935359300.jpg,770,110,shanghai,ai,否,06月21日 14:00,2025-09-26T07:41:42.160Z
8812399964800,"1000 AIdea 应用计划",06/20 13:30,上海浦东,https://usergroup.huodongxing.com/event/8812399964800?qd=8839540364256,https://cdn.huodongxing.com/logo/202506/8812399964800/965641667681268_v2.jpg,8812399964800.jpg,222,26,shanghai,ai,否,06月20日 13:30,2025-09-26T07:41:52.272Z
3806075715500,"Community Day 北京站开发者们的夏日聚会",05/25 13:00,北京东城,https://usergroup.huodongxing.com/event/3806075715500?qd=8839540364256,https://cdn.huodongxing.com/logo/202504/3806075715500/915604785076358_v2.jpg,3806075715500.jpg,15333,299,beijing,meetup;community,否,05月25日 13:00,2025-09-26T07:41:52.272Z
2808830546600,"从构想到部署：AI 驱动的全链路开发者体验！",05/24 14:00,四川成都,https://usergroup.huodongxing.com/event/2808830546600?qd=8839540364256,https://cdn.huodongxing.com/logo/202505/2808830546600/825616923467359_v2.jpg,2808830546600.jpg,4643,84,chengdu,ai,否,05月24日 14:00,2025-09-26T07:41:52.272Z
4808103746100,"生成式 AI 赋能开发提效",05/24 13:30,陕西西安,https://usergroup.huodongxing.com/event/4808103746100?qd=8839540364256,https://cdn.huodongxing.com/logo/202505/4808103746100/185612661864901_v2.jpg,4808103746100.jpg,3083,37,xian,ai,否,05月24日 13:30,2025-09-26T07:41:52.272Z
6808094019500,"大模型应用挑战赛",05/18 10:00,四川成都,https://usergroup.huodongxing.com/event/6808094019500?qd=8839540364256,https://cdn.huodongxing.com/logo/202505/6808094019500/505611765886536_v2.jpg,6808094019500.jpg,2080,43,chengdu,,否,05月18日 10:00,2025-09-26T07:41:52.272Z
9807937198600,"Amazon Q Developer 的极简开发工坊！",05/18 14:00,重庆九龙坡,https://usergroup.huodongxing.com/event/9807937198600?qd=8839540364256,https://cdn.huodongxing.com/logo/202505/9807937198600/765610675371795_v2.jpg,9807937198600.jpg,2400,109,,amazon,否,05月18日 14:00,2025-09-26T07:41:52.272Z
1807054044300,"用 Amazon Q 从0到1打造智能番茄钟",05/17 14:00,上海浦东,https://usergroup.huodongxing.com/event/1807054044300?qd=8839540364256,https://cdn.huodongxing.com/logo/202505/1807054044300/835604542384293_v2.jpg,1807054044300.jpg,5737,201,shanghai,amazon,否,05月17日 14:00,2025-09-26T07:41:52.272Z
7804338550900,"Amazon Q工作坊：定义开发新范式",04/24 14:00,湖北武汉,https://usergroup.huodongxing.com/event/7804338550900?qd=8839540364256,https://cdn.huodongxing.com/logo/202504/7804338550900/215585684393346_v2.jpg,7804338550900.jpg,2139,93,wuhan,amazon;workshop,否,04月24日 14:00,2025-09-26T07:41:52.272Z
6803510816000,"多智能体系统与 AI 应用开发",04/19 14:00,广东广州,https://usergroup.huodongxing.com/event/6803510816000?qd=8839540364256,https://cdn.huodongxing.com/logo/202504/6803510816000/265579939470022_v2.jpg,6803510816000.jpg,5824,171,guangzhou,ai,否,04月19日 14:00,2025-09-26T07:41:52.272Z
3803086190000,"开源数据湖仓:数据开源软件技术与动手实践",04/19 14:00,广东深圳,https://usergroup.huodongxing.com/event/3803086190000?qd=8839540364256,https://cdn.huodongxing.com/logo/202504/3803086190000/905576987852139_v2.jpg,3803086190000.jpg,3278,60,shenzhen,,否,04月19日 14:00,2025-09-26T07:41:52.272Z
5801134260000,"AI 大模型开发运维新范式",04/12 14:00,河南郑州,https://usergroup.huodongxing.com/event/5801134260000?qd=8839540364256,https://cdn.huodongxing.com/logo/202503/5801134260000/805565648417028_v2.jpg,5801134260000.jpg,3204,34,,ai;开发运维,否,04月12日 14:00,2025-09-26T07:42:02.674Z
4800850014800,"智解千题：DeepSeek全员实战",04/12 13:30,广东深圳,https://usergroup.huodongxing.com/event/4800850014800?qd=8839540364256,https://cdn.huodongxing.com/logo/202503/4800850014800/775561459755576_v2.jpg,4800850014800.jpg,8686,138,shenzhen,deepseek,否,04月12日 13:30,2025-09-26T07:42:02.674Z
3800273787900,"AI应用创新：从项目管理到大模型实战",03/30 14:00,四川成都,https://usergroup.huodongxing.com/event/3800273787900?qd=8839540364256,https://cdn.huodongxing.com/logo/202503/3800273787900/125561695406789_v2.jpg,3800273787900.jpg,6560,259,chengdu,ai,否,03月30日 14:00,2025-09-26T07:42:02.674Z
5799564943800,"DeepSeek 碰上大数据",03/22 13:30,浙江杭州,https://usergroup.huodongxing.com/event/5799564943800?qd=8839540364256,https://cdn.huodongxing.com/logo/202503/5799564943800/505553577290293_v2.jpg,5799564943800.jpg,5978,87,hangzhou,deepseek,否,03月22日 13:30,2025-09-26T07:42:02.674Z
7799839395800,"DeepSeek，探索AI无限潜力",03/23 13:30,四川成都,https://usergroup.huodongxing.com/event/7799839395800?qd=8839540364256,https://cdn.huodongxing.com/logo/202503/7799839395800/175554439811892_v2.jpg,7799839395800.jpg,6461,130,chengdu,ai;deepseek,否,03月23日 13:30,2025-09-26T07:42:02.674Z
5799179688200,"DeepSeek探秘之旅：大模型前沿探索应用",03/22 13:30,安徽合肥,https://usergroup.huodongxing.com/event/5799179688200?qd=8839540364256,https://cdn.huodongxing.com/logo/202503/5799179688200/245552784999869_v2.jpg,5799179688200.jpg,3236,60,hefei,deepseek,否,03月22日 13:30,2025-09-26T07:42:02.674Z
4798983005200,"多模态大模型探索之旅！",03/22 13:30,北京海淀,https://usergroup.huodongxing.com/event/4798983005200?qd=8839540364256,https://cdn.huodongxing.com/logo/202503/4798983005200/725551696668385_v2.jpg,4798983005200.jpg,4984,140,beijing,,否,03月22日 13:30,2025-09-26T07:42:02.674Z
3799125236800,"DeepSeek与Amazon Bedrock应用实践",03/19 14:00,甘肃兰州,https://usergroup.huodongxing.com/event/3799125236800?qd=8839540364256,https://cdn.huodongxing.com/logo/202503/3799125236800/705549481620771_v2.jpg,3799125236800.jpg,1289,6,lanzhou,amazon;bedrock;deepseek,否,03月19日 14:00,2025-09-26T07:42:02.674Z
9798314204700,"【活动邀请上海】破界她力量：编码未来！",03/15 13:30,上海浦东,https://usergroup.huodongxing.com/event/9798314204700?qd=8839540364256,https://cdn.huodongxing.com/logo/202503/9798314204700/505543849516931_v2.jpg,9798314204700.jpg,9638,265,shanghai,,否,03月15日 13:30,2025-09-26T07:42:02.674Z
9798152545200,"破界她力量：科技女性，未来无限",03/16 13:30,广东深圳,https://usergroup.huodongxing.com/event/9798152545200?qd=8839540364256,https://cdn.huodongxing.com/logo/202503/9798152545200/355545520111487_v2.jpg,9798152545200.jpg,8773,265,shenzhen,,否,03月16日 13:30,2025-09-26T07:42:02.675Z
2797827224500,"在 DeepSeek浪潮下的技术革新与企业实践",03/09 13:30,江苏苏州,https://usergroup.huodongxing.com/event/2797827224500?qd=8839540364256,https://cdn.huodongxing.com/logo/202503/2797827224500/155542414789209_v2.jpg,2797827224500.jpg,3578,90,suzhou,deepseek,否,03月09日 13:30,2025-09-26T07:42:13.294Z
6797271898200,"IWD：智创未来，女性职场新力量",03/08 14:00,北京海淀,https://usergroup.huodongxing.com/event/6797271898200?qd=8839540364256,https://cdn.huodongxing.com/logo/202502/6797271898200/625539098707338_v2.jpg,6797271898200.jpg,9058,241,beijing,,否,03月08日 14:00,2025-09-26T07:42:13.294Z
1797105335300,"智启云程:Amazon Q开发技术与 re:Invent",02/27 14:00,湖北武汉,https://usergroup.huodongxing.com/event/1797105335300?qd=8839540364256,https://cdn.huodongxing.com/logo/202502/1797105335300/405535453766895_v2.jpg,1797105335300.jpg,273,21,wuhan,amazon;re:invent,否,02月27日 14:00,2025-09-26T07:42:13.294Z
3794987216300,"Bedrock 开发进阶：re:InventDeepseek ，探索 AI 无限潜力",02/23 13:30,北京海淀,https://usergroup.huodongxing.com/event/3794987216300?qd=8839540364256,https://cdn.huodongxing.com/logo/202502/3794987216300/285521554598839_v2.jpg,3794987216300.jpg,11493,267,beijing,ai;bedrock;deepseek;re:invent,否,02月23日 13:30,2025-09-26T07:42:13.294Z
9794223409200,"观测无垠云启新程 2025云原生可观测性技术分享Meetup成都站",02/23 13:00,四川成都,https://usergroup.huodongxing.com/event/9794223409200?qd=8839540364256,https://cdn.huodongxing.com/logo/202502/9794223409200/405516649458292_v2.jpg,9794223409200.jpg,8958,45,chengdu,meetup,否,02月23日 13:00,2025-09-26T07:42:13.294Z
3795274906300,"re:Invent reCap 全国巡演上海场：云端新春-引领技术新浪潮 GenAI 斜杠计划第三期",02/22 09:00,上海徐汇,https://usergroup.huodongxing.com/event/3795274906300?qd=8839540364256,https://cdn.huodongxing.com/logo/202502/3795274906300/245522742310574_v2.jpg,3795274906300.jpg,6588,145,shanghai,ai;genai;re:invent,否,02月22日 09:00,2025-09-26T07:42:13.294Z
4795308171000,"re:InventreCap探索生成式 AI 技术",02/22 13:30,陕西西安,https://usergroup.huodongxing.com/event/4795308171000?qd=8839540364256,https://cdn.huodongxing.com/logo/202502/4795308171000/175523692162403_v2.jpg,4795308171000.jpg,4555,69,xian,ai;re:invent,否,02月22日 13:30,2025-09-26T07:42:13.294Z
4794558028800,"re:Invent 云启Al新篇DeepSeek引领未来，聚焦AI技术与创新",02/16 13:30,广东深圳,https://usergroup.huodongxing.com/event/4794558028800?qd=8839540364256,https://cdn.huodongxing.com/logo/202502/4794558028800/985519541793398_v2.jpg,4794558028800.jpg,10585,225,shenzhen,ai;deepseek;re:invent,否,02月16日 13:30,2025-09-26T07:42:13.294Z
4786187629400,"re:Invent 让理想发生，迈向 GenAI 新时代",12/28 14:00,北京海淀,https://usergroup.huodongxing.com/event/4786187629400?qd=8839540364256,https://cdn.huodongxing.com/logo/202412/4786187629400/805459639326639_v2.jpg,4786187629400.jpg,5778,231,beijing,ai;genai;re:invent,否,12月28日 14:00,2025-09-26T07:42:13.294Z
6786188434000,"成都 UG 2024 re:Invent re:Cap",12/29 14:00,四川成都,https://usergroup.huodongxing.com/event/6786188434000?qd=8839540364256,https://cdn.huodongxing.com/logo/202412/6786188434000/335459642015748_v2.jpg,6786188434000.jpg,9491,214,chengdu,re:invent,否,12月29日 14:00,2025-09-26T07:42:13.295Z
3786185811400,"AI赋能企业数字化转型：re:Invent 2024 创新回顾",12/22 14:00,广东广州,https://usergroup.huodongxing.com/event/3786185811400?qd=8839540364256,https://cdn.huodongxing.com/logo/202412/3786185811400/815466936370008_v2.jpg,3786185811400.jpg,2474,38,guangzhou,ai;re:invent,否,12月22日 14:00,2025-09-26T07:42:22.443Z
8786187262100,"深圳UG 2024 re:Invent re:Cap",12/22 14:00,广东深圳,https://usergroup.huodongxing.com/event/8786187262100?qd=8839540364256,https://cdn.huodongxing.com/logo/202412/8786187262100/925459633464589_v2.jpg,8786187262100.jpg,3114,117,shenzhen,re:invent,否,12月22日 14:00,2025-09-26T07:42:22.443Z
5786173516700,"re:Invent 2024 - Nova 智联：构建客户之声与行业革新",12/21 14:00,安徽合肥,https://usergroup.huodongxing.com/event/5786173516700?qd=8839540364256,https://cdn.huodongxing.com/logo/202412/5786173516700/515464863309024_v2.jpg,5786173516700.jpg,2095,38,hefei,re:invent,否,12月21日 14:00,2025-09-26T07:42:22.443Z
9786026165700,"GenAl 连接非结构化数据",12/21 13:00,四川成都,https://usergroup.huodongxing.com/event/9786026165700?qd=8839540364256,https://cdn.huodongxing.com/logo/202412/9786026165700/845458514411560_v2.jpg,9786026165700.jpg,1115,36,chengdu,,否,12月21日 13:00,2025-09-26T07:42:22.443Z
1784748005700,"探索 Amazon 生成式AI技术",12/04 19:00,湖北武汉,https://usergroup.huodongxing.com/event/1784748005700?qd=8839540364256,https://cdn.huodongxing.com/logo/202412/1784748005700/555449646598214_v2.jpg,1784748005700.jpg,176,36,wuhan,ai;amazon;生成式ai,否,12月04日 19:00,2025-09-26T07:42:22.443Z
5783725362300,"成都 UG Amazon Bedrock 实操专场：探索生成式 AI 与 3D 技术新边界",12/01 14:00,四川成都,https://usergroup.huodongxing.com/event/5783725362300?qd=8839540364256,https://cdn.huodongxing.com/logo/202411/5783725362300/165442846177150_v2.jpg,5783725362300.jpg,3975,40,chengdu,ai;amazon;bedrock,否,12月01日 14:00,2025-09-26T07:42:22.443Z
5782995356200,"AIGC时代重塑开发新范式",11/30 13:30,江苏苏州,https://usergroup.huodongxing.com/event/5782995356200?qd=8839540364256,https://cdn.huodongxing.com/logo/202411/5782995356200/955437858906848_v2.jpg,5782995356200.jpg,1977,95,suzhou,ai,否,11月30日 13:30,2025-09-26T07:42:22.443Z
1781838388800,"智慧生活：AI 技术体验会",11/30 13:30,安徽合肥,https://usergroup.huodongxing.com/event/1781838388800?qd=8839540364256,https://cdn.huodongxing.com/logo/202411/1781838388800/335431450040695_v2.jpg,1781838388800.jpg,562,56,hefei,ai,否,11月30日 13:30,2025-09-26T07:42:22.443Z
2781983127600,"生成式 AI 训练营与创新实践",11/24 13:30,北京海淀,https://usergroup.huodongxing.com/event/2781983127600?qd=8839540364256,https://cdn.huodongxing.com/logo/202411/2781983127600/405431448360692_v2.jpg,2781983127600.jpg,2061,103,beijing,ai,否,11月24日 13:30,2025-09-26T07:42:22.443Z
6780862627800,"游戏工坊： AI 手搓游戏挑战",11/17 13:30,广东深圳,https://usergroup.huodongxing.com/event/6780862627800?qd=8839540364256,https://cdn.huodongxing.com/logo/202411/6780862627800/115423344935737_v2.jpg,6780862627800.jpg,1750,53,shenzhen,ai,否,11月17日 13:30,2025-09-26T07:42:22.443Z
4781149826000,"GenAI 斜杠计划第二期：解锁代码新世界，AI 辅助编码带你飞！",11/16 13:30,上海浦东,https://usergroup.huodongxing.com/event/4781149826000?qd=8839540364256,https://cdn.huodongxing.com/logo/202411/4781149826000/415426717847646_v2.jpg,4781149826000.jpg,1496,42,shanghai,ai;genai,否,11月16日 13:30,2025-09-26T07:42:31.911Z
4778708850800,"成都 UG 1024 程序员节专题：开发者在 AI 时代的工作与生活变革",10/27 13:30,四川成都,https://usergroup.huodongxing.com/event/4778708850800?qd=8839540364256,https://cdn.huodongxing.com/logo/202410/4778708850800/795407701017138_v2.jpg,4778708850800.jpg,2230,130,chengdu,ai,否,10月27日 13:30,2025-09-26T07:42:31.911Z
9775722672000,"明月湖 生成式AI训练营与创新实践",10/18 09:30,重庆江北,https://usergroup.huodongxing.com/event/9775722672000?qd=8839540364256,https://cdn.huodongxing.com/logo/202409/9775722672000/975386963292829_v2.jpg,9775722672000.jpg,1461,107,,ai;生成式ai,否,10月18日 09:30,2025-09-26T07:42:31.911Z
3772102690300,"从LLM到多模态应用，探索生成式Al的无限可能",09/21 13:30,北京海淀,https://usergroup.huodongxing.com/event/3772102690300?qd=8839540364256,https://cdn.huodongxing.com/logo/202409/3772102690300/865362872771835_v2.jpg,3772102690300.jpg,7051,224,beijing,,否,09月21日 13:30,2025-09-26T07:42:31.911Z
1729422829200,"生成式人工智能：创新与应用",11/15 14:00,甘肃兰州,https://usergroup.huodongxing.com/event/1729422829200?qd=8839540364256,https://cdn.huodongxing.com/logo/202311/1729422829200/855065437751880_v2.jpg,1729422829200.jpg,162,29,lanzhou,人工智能,否,11月15日 14:00,2025-09-26T07:42:31.911Z
1729717030900,"人工智能未来视野：GenAI 的探索与创新",11/22 14:30,湖北武汉,https://usergroup.huodongxing.com/event/1729717030900?qd=8839540364256,https://cdn.huodongxing.com/logo/202311/1729717030900/505067486229293_v2.jpg,1729717030900.jpg,3866,203,wuhan,ai;人工智能;genai,否,11月22日 14:30,2025-09-26T07:42:31.911Z
1731886522900,"无服务器计算：构建Web应用程序和数据分析的灵活解决方案",12/09 13:00,广东深圳,https://usergroup.huodongxing.com/event/1731886522900?qd=8839540364256,https://cdn.huodongxing.com/logo/202312/1731886522900/565082582832299_v2.jpg,1731886522900.jpg,2098,40,shenzhen,无服务器,否,12月09日 13:00,2025-09-26T07:42:31.911Z
2733316339300,"re:Invent 走进生成式 AI：速度与激情",12/17 14:30,河北张家口,https://usergroup.huodongxing.com/event/2733316339300?qd=8839540364256,https://cdn.huodongxing.com/logo/202312/2733316339300/505092669567931_v2.jpg,2733316339300.jpg,5180,312,zhangjiakou,ai;re:invent,否,12月17日 14:30,2025-09-26T07:42:31.911Z
3727549328200,"【Data  AI Con Shanghai 2023】报名火热开启，User Group 带你解锁生成式AI创新！",11/18 13:00,上海普陀,https://usergroup.huodongxing.com/event/3727549328200?qd=8839540364256,https://cdn.huodongxing.com/logo/202311/3727549328200/785052566625449_v2.jpg,3727549328200.jpg,3881,191,shanghai,ai;生成式ai,否,11月18日 13:00,2025-09-26T07:42:31.911Z
3727858006600,"AI 我能行",11/10 15:30,新疆昌吉,https://usergroup.huodongxing.com/event/3727858006600?qd=8839540364256,https://cdn.huodongxing.com/logo/202311/3727858006600/755054571561065_v2.jpg,3727858006600.jpg,286,32,changji,ai,否,11月10日 15:30,2025-09-26T07:42:31.911Z
4733318769900,"成都 UG 2023 re:Invent re:Cap",12/17 13:30,四川成都,https://usergroup.huodongxing.com/event/4733318769900?qd=8839540364256,https://cdn.huodongxing.com/logo/202312/4733318769900/855094574140998_v2.jpg,4733318769900.jpg,3419,138,chengdu,re:invent,否,12月17日 13:30,2025-09-26T07:42:42.681Z
6731746770100,"深圳 UG 2023 re:Invent re:Cap",12/09 13:00,广东深圳,https://usergroup.huodongxing.com/event/6731746770100?qd=8839540364256,https://cdn.huodongxing.com/logo/202311/6731746770100/105081639392983_v2.jpg,6731746770100.jpg,3599,157,shenzhen,re:invent,否,12月09日 13:00,2025-09-26T07:42:42.681Z
6733316947000,"re:lnvent：多模态大模型与 AIGC 应用",12/17 14:00,北京丰台,https://usergroup.huodongxing.com/event/6733316947000?qd=8839540364256,https://cdn.huodongxing.com/logo/202312/6733316947000/825092622855420_v2.jpg,6733316947000.jpg,2947,100,beijing,ai,否,12月17日 14:00,2025-09-26T07:42:42.681Z
9734343119500,"圣诞特辑： AIGC 动手实践！",12/24 14:00,上海浦东,https://usergroup.huodongxing.com/event/9734343119500?qd=8839540364256,https://cdn.huodongxing.com/logo/202312/9734343119500/895099606192346_v2.jpg,9734343119500.jpg,3247,126,shanghai,ai,否,12月24日 14:00,2025-09-26T07:42:42.681Z
8771519774900,"成都 UG 生成式 AI 工作坊：探索未来职场新边界",09/08 13:30,四川成都,https://usergroup.huodongxing.com/event/8771519774900?qd=8839540364256,https://cdn.huodongxing.com/logo/202409/8771519774900/615358880719165_v2.jpg,8771519774900.jpg,2742,73,chengdu,ai;workshop,否,09月08日 13:30,2025-09-26T07:42:42.681Z
3771067734100,"智能新纪元：AI 驱动未来！",09/08 13:30,广东广州,https://usergroup.huodongxing.com/event/3771067734100?qd=8839540364256,https://cdn.huodongxing.com/logo/202408/3771067734100/325355590962069_v2.jpg,3771067734100.jpg,5486,195,guangzhou,ai,否,09月08日 13:30,2025-09-26T07:42:42.681Z
9770626076700,"生成式 AI 的突破与挑战！",09/07 13:30,广东深圳,https://usergroup.huodongxing.com/event/9770626076700?qd=8839540364256,https://cdn.huodongxing.com/logo/202408/9770626076700/775353561089213_v2.jpg,9770626076700.jpg,2898,160,shenzhen,ai,否,09月07日 13:30,2025-09-26T07:42:42.681Z
7768164737000,"生成式 AI 工作坊：大模型应用探索与实践！",08/24 13:30,北京丰台,https://usergroup.huodongxing.com/event/7768164737000?qd=8839540364256,https://cdn.huodongxing.com/logo/202408/7768164737000/755335609304678_v2.jpg,7768164737000.jpg,2603,127,beijing,ai;workshop,否,08月24日 13:30,2025-09-26T07:42:42.681Z
8766358112000,"GenAI 斜杠计划 开启职业加速密码：图文设计专场",08/24 13:30,上海浦东,https://usergroup.huodongxing.com/event/8766358112000?qd=8839540364256,https://cdn.huodongxing.com/logo/202407/8766358112000/745321933755604_v2.jpg,8766358112000.jpg,6095,291,shanghai,ai;genai,否,08月24日 13:30,2025-09-26T07:42:42.681Z
6765700054700,"AI 应用创新与探索",08/17 13:30,陕西西安,https://usergroup.huodongxing.com/event/6765700054700?qd=8839540364256,https://cdn.huodongxing.com/logo/202407/6765700054700/315323767403278_v2.jpg,6765700054700.jpg,1394,56,xian,ai,否,08月17日 13:30,2025-09-26T07:42:42.681Z
2765745772300,"暑期少儿开发之旅",08/04 13:30,安徽合肥,https://usergroup.huodongxing.com/event/2765745772300?qd=8839540364256,https://cdn.huodongxing.com/logo/202407/2765745772300/725318952058325_v2.jpg,2765745772300.jpg,944,52,hefei,,否,08月04日 13:30,2025-09-26T07:42:52.101Z
1765629496200,"大模型应用构建与落地",08/03 13:30,北京朝阳,https://usergroup.huodongxing.com/event/1765629496200?qd=8839540364256,https://cdn.huodongxing.com/logo/202407/1765629496200/415318477538237_v2.jpg,1765629496200.jpg,3562,158,beijing,,否,08月03日 13:30,2025-09-26T07:42:52.101Z
4758529746400,"2024 Community Day：云计算与 AI 技术交融盛会，共筑多元智慧未来",07/07 09:00,广东深圳,https://usergroup.huodongxing.com/event/4758529746400?qd=8839540364256,https://cdn.huodongxing.com/logo/202406/4758529746400/695267567524407_v2.jpg,4758529746400.jpg,5120,356,shenzhen,ai;云计算;community,否,07月07日 09:00,2025-09-26T07:42:52.101Z
8760958437200,"成都 UG 生成式 AI 工作坊：AI 革命下的商业模式创新！",06/30 13:30,四川成都,https://usergroup.huodongxing.com/event/8760958437200?qd=8839540364256,https://cdn.huodongxing.com/logo/202406/8760958437200/945284434327368_v2.jpg,8760958437200.jpg,1309,108,chengdu,ai;workshop,否,06月30日 13:30,2025-09-26T07:42:52.101Z
1760699577300,"大模型的演进与 AI 创新之路",06/29 13:30,北京海淀,https://usergroup.huodongxing.com/event/1760699577300?qd=8839540364256,https://cdn.huodongxing.com/logo/202406/1760699577300/285282635220184_v2.jpg,1760699577300.jpg,1815,154,beijing,ai,否,06月29日 13:30,2025-09-26T07:42:52.101Z
8760550798200,"探索生成式 AI 的无限可能",06/22 13:30,江苏苏州,https://usergroup.huodongxing.com/event/8760550798200?qd=8839540364256,https://cdn.huodongxing.com/logo/202406/8760550798200/275281672331381_v2.jpg,8760550798200.jpg,623,36,suzhou,ai,否,06月22日 13:30,2025-09-26T07:42:52.101Z
8760515081400,"AI 探索与实践",06/19 14:00,甘肃兰州,https://usergroup.huodongxing.com/event/8760515081400?qd=8839540364256,https://cdn.huodongxing.com/logo/202406/8760515081400/735281491622524_v2.jpg,8760515081400.jpg,81,40,lanzhou,ai,否,06月19日 14:00,2025-09-26T07:42:52.101Z
2758529264000,"数字化升级与 AI 赋能：创意产业的升级之路！",06/15 13:30,安徽合肥,https://usergroup.huodongxing.com/event/2758529264000?qd=8839540364256,https://cdn.huodongxing.com/logo/202406/2758529264000/845269644111954_v2.jpg,2758529264000.jpg,965,138,hefei,ai,否,06月15日 13:30,2025-09-26T07:42:52.101Z
6757500440900,"AI 创作工坊：AI 探索与实践",06/02 15:30,陕西西安,https://usergroup.huodongxing.com/event/6757500440900?qd=8839540364256,https://cdn.huodongxing.com/logo/202405/6757500440900/625260425018530_v2.jpg,6757500440900.jpg,1327,36,xian,ai,否,06月02日 15:30,2025-09-26T07:42:52.101Z
9751762562000,"六一特别企划：孩子们的开发之旅",06/01 13:00,上海浦东,https://usergroup.huodongxing.com/event/9751762562000?qd=8839540364256,https://cdn.huodongxing.com/logo/202404/9751762562000/985250450265079_v2.jpg,9751762562000.jpg,2370,156,shanghai,,否,06月01日 13:00,2025-09-26T07:42:52.101Z
4754651963700,"AI 时代女性力量大爆发",05/19 14:00,上海浦东,https://usergroup.huodongxing.com/event/4754651963700?qd=8839540364256,https://cdn.huodongxing.com/logo/202405/4754651963700/835240700223777_v2.jpg,4754651963700.jpg,3071,259,shanghai,ai,否,05月19日 14:00,2025-09-26T07:43:02.362Z
7754798368600,"多模态AI大模型 AGI的关键驱动力",05/18 13:30,北京海淀,https://usergroup.huodongxing.com/event/7754798368600?qd=8839540364256,https://cdn.huodongxing.com/logo/202405/7754798368600/595242641624579_v2.jpg,7754798368600.jpg,2343,197,beijing,ai,否,05月18日 13:30,2025-09-26T07:43:02.362Z
6751765480600,"成都UG生成式AI工作坊：AI原生应用的探索与创新",04/27 13:30,四川成都,https://usergroup.huodongxing.com/event/6751765480600?qd=8839540364256,https://cdn.huodongxing.com/logo/202404/6751765480600/705225423313297_v2.jpg,6751765480600.jpg,1255,145,chengdu,ai;生成式ai;workshop,否,04月27日 13:30,2025-09-26T07:43:02.362Z
2751763696700,"科技女性启航交流会",04/25 18:30,湖北武汉,https://usergroup.huodongxing.com/event/2751763696700?qd=8839540364256,https://cdn.huodongxing.com/logo/202404/2751763696700/845225565527497_v2.jpg,2751763696700.jpg,99,42,wuhan,,否,04月25日 18:30,2025-09-26T07:43:02.362Z
3750791136800,"AI 创意工坊：Claude3 Demo 与 Stable DiffusionLlama2 实践体验",04/21 13:30,广东深圳,https://usergroup.huodongxing.com/event/3750791136800?qd=8839540364256,https://cdn.huodongxing.com/logo/202404/3750791136800/455214680224393_v2.jpg,3750791136800.jpg,1707,229,shenzhen,ai,否,04月21日 13:30,2025-09-26T07:43:02.362Z
8750794794300,"认识人工智能",04/21 15:00,广西河池,https://usergroup.huodongxing.com/event/8750794794300?qd=8839540364256,https://cdn.huodongxing.com/logo/202404/8750794794300/315221438299835_v2.jpg,8750794794300.jpg,110,43,,人工智能,否,04月21日 15:00,2025-09-26T07:43:02.362Z
7750309476900,"AI 创新探索：赋能未来的无限可能",04/21 13:00,安徽合肥,https://usergroup.huodongxing.com/event/7750309476900?qd=8839540364256,https://cdn.huodongxing.com/logo/202404/7750309476900/615210736231703_v2.jpg,7750309476900.jpg,996,28,hefei,ai,否,04月21日 13:00,2025-09-26T07:43:02.362Z
8749656126100,"活力 AI 工作坊，动手实践加入生成式 AI 新赛道",04/20 13:30,北京朝阳,https://usergroup.huodongxing.com/event/8749656126100?qd=8839540364256,https://cdn.huodongxing.com/logo/202404/8749656126100/725205946638647_v2.jpg,8749656126100.jpg,958,96,beijing,ai;workshop,否,04月20日 13:30,2025-09-26T07:43:02.362Z
3749610016200,"智慧交融，共筑 AI 未来",04/14 15:00,河北张家口,https://usergroup.huodongxing.com/event/3749610016200?qd=8839540364256,https://cdn.huodongxing.com/logo/202404/3749610016200/815205624989547_v2.jpg,3749610016200.jpg,125,21,zhangjiakou,ai,否,04月14日 15:00,2025-09-26T07:43:02.362Z
7746563433900,"开启 AI 技术的探索与实践应用",04/13 13:30,陕西西安,https://usergroup.huodongxing.com/event/7746563433900?qd=8839540364256,https://cdn.huodongxing.com/logo/202403/7746563433900/915204540311312_v2.jpg,7746563433900.jpg,2872,179,xian,ai,否,04月13日 13:30,2025-09-26T07:43:02.363Z
7749010975400,"LLM大语言模型的前沿应用与未来展望",04/10 14:00,甘肃兰州,https://usergroup.huodongxing.com/event/7749010975400?qd=8839540364256,https://cdn.huodongxing.com/logo/202403/7749010975400/285201465638923_v2.jpg,7749010975400.jpg,386,27,lanzhou,,否,04月10日 14:00,2025-09-26T07:43:13.215Z
6746849370000,"春日活力 AI 工坊：生成式 AI 前沿分享和动手实践",03/23 09:30,上海徐汇,https://usergroup.huodongxing.com/event/6746849370000?qd=8839540364256,https://cdn.huodongxing.com/logo/202403/6746849370000/365187480138177_v2.jpg,6746849370000.jpg,2414,105,shanghai,ai,否,03月23日 09:30,2025-09-26T07:43:13.215Z
9747150065100,"生成式 AI 领航：加速业务创新实践！",03/20 13:30,重庆渝北,https://usergroup.huodongxing.com/event/9747150065100?qd=8839540364256,https://cdn.huodongxing.com/logo/202403/9747150065100/125188544210695_v2.jpg,9747150065100.jpg,645,54,,ai,否,03月20日 13:30,2025-09-26T07:43:13.215Z
2745427115200,"女性创新力量影响未来",03/16 13:00,广东深圳,https://usergroup.huodongxing.com/event/2745427115200?qd=8839540364256,https://cdn.huodongxing.com/logo/202403/2745427115200/565176578176463_v2.jpg,2745427115200.jpg,5181,403,shenzhen,,否,03月16日 13:00,2025-09-26T07:43:13.215Z
8744985349000,"AI大模型：技术创新与未来智能的关键驱动力",03/10 13:30,广东深圳,https://usergroup.huodongxing.com/event/8744985349000?qd=8839540364256,https://cdn.huodongxing.com/logo/202403/8744985349000/855176464195989_v2.jpg,8744985349000.jpg,5489,355,shenzhen,ai,否,03月10日 13:30,2025-09-26T07:43:13.215Z
8743850377900,"AI 原生应用的探索与创新",03/02 14:00,北京丰台,https://usergroup.huodongxing.com/event/8743850377900?qd=8839540364256,https://cdn.huodongxing.com/logo/202402/8743850377900/675170630750899_v2.jpg,8743850377900.jpg,3779,236,beijing,ai,否,03月02日 14:00,2025-09-26T07:43:13.215Z
6735485240800,"re:Invent：拥抱信息世界！",12/28 14:00,湖北武汉,https://usergroup.huodongxing.com/event/6735485240800?qd=8839540364256,https://cdn.huodongxing.com/logo/202312/6735485240800/595107562243863_v2.jpg,6735485240800.jpg,1750,28,wuhan,re:invent,否,12月28日 14:00,2025-09-26T07:43:13.215Z
2734641428400,"re:lnvent：AIGC 应用架构与实践",12/27 13:30,北京海淀,https://usergroup.huodongxing.com/event/2734641428400?qd=8839540364256,https://cdn.huodongxing.com/logo/202312/2734641428400/235101677304302_v2.jpg,2734641428400.jpg,4150,152,beijing,ai,否,12月27日 13:30,2025-09-26T07:43:13.215Z
3721674476500,"云上聚力, 智见未来 生成式 AI 与云原生大会亚马逊云科技 Community Day 成都站",11/05 09:00,四川成都,https://usergroup.huodongxing.com/event/3721674476500?qd=8839540364256,https://cdn.huodongxing.com/logo/202309/3721674476500/695011631704267_v2.jpg,3721674476500.jpg,17441,1408,chengdu,ai;conference;community,否,11月05日 09:00,2025-09-26T07:43:13.215Z
3723978744800,"探索未来：生成式AI技术的应用与挑战",10/15 13:30,广东深圳,https://usergroup.huodongxing.com/event/3723978744800?qd=8839540364256,https://cdn.huodongxing.com/logo/202310/3723978744800/975027634568340_v2.jpg,3723978744800.jpg,2449,175,shenzhen,ai;生成式ai,否,10月15日 13:30,2025-09-26T07:43:13.215Z
7720671762600,"云原生加速生成式 AI 应用创新论坛",09/26 13:30,上海普陀,https://usergroup.huodongxing.com/event/7720671762600?qd=8839540364256,https://cdn.huodongxing.com/logo/202309/7720671762600/155004668494083_v2.jpg,7720671762600.jpg,4026,166,shanghai,ai,否,09月26日 13:30,2025-09-26T07:43:22.348Z
2721256704600,"让 AI 无痛进入你的生活帮你成为 AI 加持的[超级个体]",09/23 13:30,上海浦东,https://usergroup.huodongxing.com/event/2721256704600?qd=8839540364256,https://cdn.huodongxing.com/logo/202309/2721256704600/465010463132569_v2.jpg,2721256704600.jpg,2473,41,shanghai,ai,否,09月23日 13:30,2025-09-26T07:43:22.348Z
4717669483600,"生成式人工智能技术的应用和实践",09/02 13:00,北京海淀,https://usergroup.huodongxing.com/event/4717669483600?qd=8839540364256,https://cdn.huodongxing.com/logo/202308/4717669483600/334987752716408_v2.jpg,4717669483600.jpg,5040,153,beijing,人工智能,否,09月02日 13:00,2025-09-26T07:43:22.348Z
8713322434100,"AIGC浪潮来袭！亚马逊云科技开发者社区嘉年华！",08/27 09:00,上海长宁,https://usergroup.huodongxing.com/event/8713322434100?qd=8839540364256,https://cdn.huodongxing.com/logo/202307/8713322434100/414954555775767_v2.jpg,8713322434100.jpg,8654,784,shanghai,ai;community,否,08月27日 09:00,2025-09-26T07:43:22.348Z
4712606010900,"探索云原生现代化应用的架构与构建",07/29 13:00,北京朝阳,https://usergroup.huodongxing.com/event/4712606010900?qd=8839540364256,https://cdn.huodongxing.com/logo/202307/4712606010900/284948653884431_v2.jpg,4712606010900.jpg,3307,64,beijing,,否,07月29日 13:00,2025-09-26T07:43:22.348Z
1710557941600,"AI与云原生技术融合：开启AIGC新时代的探索与实践",07/16 14:00,四川成都,https://usergroup.huodongxing.com/event/1710557941600?qd=8839540364256,https://cdn.huodongxing.com/logo/202307/1710557941600/244935755448464_v2.jpg,1710557941600.jpg,3232,85,chengdu,ai,否,07月16日 14:00,2025-09-26T07:43:22.348Z
9711590055200,"云原生与前端: 跨界创新的融合",07/22 13:00,广东深圳,https://usergroup.huodongxing.com/event/9711590055200?qd=8839540364256,https://cdn.huodongxing.com/logo/202307/9711590055200/604941598947592_v2.jpg,9711590055200.jpg,3349,154,shenzhen,,否,07月22日 13:00,2025-09-26T07:43:22.348Z
7709295888600,"拥抱云原生，助力企业数字化转型",07/08 13:30,陕西西安,https://usergroup.huodongxing.com/event/7709295888600?qd=8839540364256,https://cdn.huodongxing.com/logo/202306/7709295888600/884925667238482_v2.jpg,7709295888600.jpg,2382,15,xian,,否,07月08日 13:30,2025-09-26T07:43:22.348Z
2706404873400,"从上云到用云遇见云原生",06/14 18:30,湖北武汉,https://usergroup.huodongxing.com/event/2706404873400?qd=8839540364256,https://cdn.huodongxing.com/logo/202306/2706404873400/874905589926887_v2.jpg,2706404873400.jpg,1987,52,wuhan,,否,06月14日 18:30,2025-09-26T07:43:22.348Z
3699753931800,"亚马逊云科技User Group 深圳Community Day社区活动嘉年华",05/28 09:00,广东深圳,https://usergroup.huodongxing.com/event/3699753931800?qd=8839540364256,https://cdn.huodongxing.com/logo/202304/3699753931800/904876614300451_v2.jpg,3699753931800.jpg,6083,337,shenzhen,community,否,05月28日 09:00,2025-09-26T07:43:22.348Z
1699479710500,"关注她力量",04/26 14:00,湖北武汉,https://usergroup.huodongxing.com/event/1699479710500?qd=8839540364256,https://cdn.huodongxing.com/logo/202304/1699479710500/734857498518838_v2.jpg,1699479710500.jpg,4076,19,wuhan,,否,04月26日 14:00,2025-09-26T07:43:31.504Z
6699187826500,"拥抱公平，自我成长",04/22 14:00,浙江杭州,https://usergroup.huodongxing.com/event/6699187826500?qd=8839540364256,https://cdn.huodongxing.com/logo/202304/6699187826500/934855472419248_v2.jpg,6699187826500.jpg,1960,51,hangzhou,,否,04月22日 14:00,2025-09-26T07:43:31.504Z
8697457760000,"拥抱公平看见女性她力量Lets See Womens Power",04/16 14:00,上海浦东,https://usergroup.huodongxing.com/event/8697457760000?qd=8839540364256,https://cdn.huodongxing.com/logo/202304/8697457760000/944843508187025_v2.jpg,8697457760000.jpg,1754,53,shanghai,,否,04月16日 14:00,2025-09-26T07:43:31.504Z
1697602925200,"拥抱公平 IT 女性的职业发展与规划",04/12 15:30,新疆昌吉,https://usergroup.huodongxing.com/event/1697602925200?qd=8839540364256,https://cdn.huodongxing.com/logo/202304/1697602925200/464844559092478_v2.jpg,1697602925200.jpg,360,45,changji,,否,04月12日 15:30,2025-09-26T07:43:31.504Z
6696185782700,"向前一步----职场发展与平衡",04/08 13:30,陕西西安,https://usergroup.huodongxing.com/event/6696185782700?qd=8839540364256,https://cdn.huodongxing.com/logo/202303/6696185782700/694834628099640_v2.jpg,6696185782700.jpg,4581,39,xian,,否,04月08日 13:30,2025-09-26T07:43:31.504Z
8695607871000,"强化学习，提高程序媛竞争力",04/01 16:00,甘肃兰州,https://usergroup.huodongxing.com/event/8695607871000?qd=8839540364256,https://cdn.huodongxing.com/logo/202303/8695607871000/414830610575469_v2.jpg,8695607871000.jpg,435,27,lanzhou,,否,04月01日 16:00,2025-09-26T07:43:31.504Z
8693146783700,"春日相约 拥抱公平【深圳UG】",04/01 13:00,广东深圳,https://usergroup.huodongxing.com/event/8693146783700?qd=8839540364256,https://cdn.huodongxing.com/logo/202303/8693146783700/874828528639727_v2.jpg,8693146783700.jpg,5791,121,shenzhen,,否,04月01日 13:00,2025-09-26T07:43:31.504Z
7695461695000,"科技她力量",03/29 14:00,湖北武汉,https://usergroup.huodongxing.com/event/7695461695000?qd=8839540364256,https://cdn.huodongxing.com/logo/202303/7695461695000/914829594784892_v2.jpg,7695461695000.jpg,2671,45,wuhan,,否,03月29日 14:00,2025-09-26T07:43:31.504Z
8694903821500,"Impact Tech, She Can",03/26 13:30,四川成都,https://usergroup.huodongxing.com/event/8694903821500?qd=8839540364256,https://cdn.huodongxing.com/logo/202303/8694903821500/374825721292988_v2.jpg,8694903821500.jpg,2030,48,chengdu,,否,03月26日 13:30,2025-09-26T07:43:31.504Z
1695152488000,"拥抱公平，共同成长",03/25 13:30,河北张家口,https://usergroup.huodongxing.com/event/1695152488000?qd=8839540364256,https://cdn.huodongxing.com/logo/202303/1695152488000/604827484304167_v2.jpg,1695152488000.jpg,814,44,zhangjiakou,,否,03月25日 13:30,2025-09-26T07:43:31.504Z
4694737248700,"多样自我，无限可能：探索个人职场发展之路",03/25 13:30,北京朝阳,https://usergroup.huodongxing.com/event/4694737248700?qd=8839540364256,https://cdn.huodongxing.com/logo/202303/4694737248700/714824564570273_v2.jpg,4694737248700.jpg,1431,114,beijing,,否,03月25日 13:30,2025-09-26T07:43:42.064Z
5690309633000,"AIGC 助力企业构建数字战略",02/26 13:30,四川成都,https://usergroup.huodongxing.com/event/5690309633000?qd=8839540364256,https://cdn.huodongxing.com/logo/202302/5690309633000/874793817601778_v2.jpg,5690309633000.jpg,2339,104,chengdu,ai,否,02月26日 13:30,2025-09-26T07:43:42.064Z
5690993419300,"re:Invent : DevOps 落地实践与效能提升",02/25 13:30,北京海淀,https://usergroup.huodongxing.com/event/5690993419300?qd=8839540364256,https://cdn.huodongxing.com/logo/202302/5690993419300/834798566503612_v2.jpg,5690993419300.jpg,2035,34,beijing,re:invent;devops,否,02月25日 13:30,2025-09-26T07:43:42.064Z
8688111388000,"AI 应用助力企业构建数字战略",02/12 13:30,上海徐汇,https://usergroup.huodongxing.com/event/8688111388000?qd=8839540364256,https://cdn.huodongxing.com/logo/202301/8688111388000/624778552855390_v2.jpg,8688111388000.jpg,4746,155,shanghai,ai,否,02月12日 13:30,2025-09-26T07:43:42.064Z
4688392694300,"碰撞大数据，拥抱云原生",02/11 13:00,广东深圳,https://usergroup.huodongxing.com/event/4688392694300?qd=8839540364256,https://cdn.huodongxing.com/logo/202302/4688392694300/124780504629742_v2.jpg,4688392694300.jpg,3996,146,shenzhen,,否,02月11日 13:00,2025-09-26T07:43:42.064Z
4681107326400,"直击大数据前沿：AI引擎与数据分析",12/17 13:30,北京海淀,https://usergroup.huodongxing.com/event/4681107326400?qd=8839540364256,https://cdn.huodongxing.com/logo/202212/4681107326400/494729913745406_v2.jpg,4681107326400.jpg,1778,39,beijing,ai,否,12月17日 13:30,2025-09-26T07:43:42.064Z
8676333297300,"AI GC 的技术与应用构建",11/19 14:00,上海徐汇,https://usergroup.huodongxing.com/event/8676333297300?qd=8839540364256,https://cdn.huodongxing.com/logo/202211/8676333297300/464696759059311_v2.jpg,8676333297300.jpg,4905,46,shanghai,ai,否,11月19日 14:00,2025-09-26T07:43:42.064Z
2675882337300,"Apps Everywhere - 揭秘 Serverless 技术的发展与应用",11/12 13:30,四川成都,https://usergroup.huodongxing.com/event/2675882337300?qd=8839540364256,https://cdn.huodongxing.com/logo/202211/2675882337300/894693628199630_v2.jpg,2675882337300.jpg,4277,41,chengdu,serverless,否,11月12日 13:30,2025-09-26T07:43:42.065Z
2674870028811,"现代化应用开发",11/05 13:30,湖北武汉,https://usergroup.huodongxing.com/event/2674870028811?qd=8839540364256,https://cdn.huodongxing.com/logo/202210/2674870028811/924686599456530_v2.jpg,2674870028811.jpg,1143,13,wuhan,,否,11月05日 13:30,2025-09-26T07:43:42.065Z
2673447618600,"云时代，应用基础设施架构解读",10/29 13:30,北京海淀,https://usergroup.huodongxing.com/event/2673447618600?qd=8839540364256,https://cdn.huodongxing.com/logo/202210/2673447618600/864676720376162_v2.jpg,2673447618600.jpg,3690,61,beijing,,否,10月29日 13:30,2025-09-26T07:43:42.065Z
9673286251600,"现代化应用开发",10/29 13:30,湖北武汉,https://usergroup.huodongxing.com/event/9673286251600?qd=8839540364256,https://cdn.huodongxing.com/logo/202210/9673286251600/984675600417858_v2.jpg,9673286251600.jpg,1509,38,wuhan,,否,10月29日 13:30,2025-09-26T07:43:51.674Z
2672694358500,"云与APP",10/27 13:30,湖北武汉,https://usergroup.huodongxing.com/event/2672694358500?qd=8839540364256,https://cdn.huodongxing.com/logo/202210/2672694358500/304671531715920_v2.jpg,2672694358500.jpg,1572,23,wuhan,,否,10月27日 13:30,2025-09-26T07:43:51.674Z
5666121232511,"探索大数据，赋能新时代",09/08 14:00,福建福州,https://usergroup.huodongxing.com/event/5666121232511?qd=8839540364256,https://cdn.huodongxing.com/logo/202208/5666121232511/494625848989108_v2.jpg,5666121232511.jpg,4438,14,fuzhou,,否,09月08日 14:00,2025-09-26T07:43:51.674Z
2665848010311,"元宇宙新观",09/03 14:00,上海徐汇,https://usergroup.huodongxing.com/event/2665848010311?qd=8839540364256,https://cdn.huodongxing.com/logo/202208/2665848010311/694623945454141_v2.jpg,2665848010311.jpg,3101,66,shanghai,,否,09月03日 14:00,2025-09-26T07:43:51.674Z
2664777877811,"基于 MediaPipe 和 JAX 的云上虚拟数字人实践",08/28 14:30,福建福州,https://usergroup.huodongxing.com/event/2664777877811?qd=8839540364256,https://cdn.huodongxing.com/logo/202208/2664777877811/164616512943214_v2.jpg,2664777877811.jpg,953,26,fuzhou,,否,08月28日 14:30,2025-09-26T07:43:51.674Z
9664345906511,"云原生架构探索与实践",08/27 13:30,北京海淀,https://usergroup.huodongxing.com/event/9664345906511?qd=8839540364256,https://cdn.huodongxing.com/logo/202208/9664345906511/134613875080726_v2.jpg,9664345906511.jpg,1332,42,beijing,,否,08月27日 13:30,2025-09-26T07:43:51.674Z
4662467638211,"开源遇上大数据",08/13 08:00,浙江杭州,https://usergroup.huodongxing.com/event/4662467638211?qd=8839540364256,https://cdn.huodongxing.com/logo/202208/4662467638211/234600517951168_v2.jpg,4662467638211.jpg,2612,83,hangzhou,,否,08月13日 08:00,2025-09-26T07:43:51.674Z
6660157063511,"大数据的流向，究竟去向何处？",07/30 14:00,广东深圳,https://usergroup.huodongxing.com/event/6660157063511?qd=8839540364256,https://cdn.huodongxing.com/logo/202207/6660157063511/434584425218152_v2.jpg,6660157063511.jpg,3362,92,shenzhen,,否,07月30日 14:00,2025-09-26T07:43:51.674Z
3659052519511,"【创客聚会】线下来交友吧！一起创造大数据与AI的有趣发明",07/23 13:30,北京海淀,https://usergroup.huodongxing.com/event/3659052519511?qd=8839540364256,https://cdn.huodongxing.com/logo/202207/3659052519511/864576755483849_v2.jpg,3659052519511.jpg,2757,27,beijing,ai;meetup,否,07月23日 13:30,2025-09-26T07:43:51.674Z
2658863460211,"用现代化数据架构为企业增长赋能",07/16 13:30,陕西西安,https://usergroup.huodongxing.com/event/2658863460211?qd=8839540364256,https://cdn.huodongxing.com/logo/202207/2658863460211/994575441732615_v2.jpg,2658863460211.jpg,4870,29,xian,,否,07月16日 13:30,2025-09-26T07:43:51.674Z
1656276763400,"数字时代 共同探索元宇宙",07/02 14:00,广东深圳,https://usergroup.huodongxing.com/event/1656276763400?qd=8839540364256,https://cdn.huodongxing.com/logo/202206/1656276763400/464557481410806_v2.jpg,1656276763400.jpg,2174,132,shenzhen,,否,07月02日 14:00,2025-09-26T07:44:00.848Z
9652463191200,"6月5日 成都 挑战与机遇并存：AI 新时代应用",06/05 13:00,四川成都,https://usergroup.huodongxing.com/event/9652463191200?qd=8839540364256,https://cdn.huodongxing.com/logo/202205/9652463191200/594530998736512_v2.jpg,9652463191200.jpg,3149,182,chengdu,ai,否,06月05日 13:00,2025-09-26T07:44:00.848Z
6651571164400,"【打破偏见，绽放自己】职业女性经验分享",05/28 13:30,广东深圳,https://usergroup.huodongxing.com/event/6651571164400?qd=8839540364256,https://cdn.huodongxing.com/logo/202205/6651571164400/164524802893840_v2.jpg,6651571164400.jpg,1070,60,shenzhen,,否,05月28日 13:30,2025-09-26T07:44:00.848Z
7650082597200,"互联网女性职业发展与规划",05/14 13:30,陕西西安,https://usergroup.huodongxing.com/event/7650082597200?qd=8839540364256,https://cdn.huodongxing.com/logo/202205/7650082597200/104514465253878_v2.jpg,7650082597200.jpg,1026,48,xian,,否,05月14日 13:30,2025-09-26T07:44:00.848Z
9646787019300,"从数据到大数据，激发数据潜力深耕智能应用",04/23 14:00,四川成都,https://usergroup.huodongxing.com/event/9646787019300?qd=8839540364256,https://cdn.huodongxing.com/logo/202204/9646787019300/904491587843301_v2.jpg,9646787019300.jpg,1734,143,chengdu,,否,04月23日 14:00,2025-09-26T07:44:00.848Z
6644176403800,"程序媛职业发展之路 【绽放-她们】精彩职业人生",04/16 13:30,北京海淀,https://usergroup.huodongxing.com/event/6644176403800?qd=8839540364256,https://cdn.huodongxing.com/logo/202204/6644176403800/654473448689047_v2.jpg,6644176403800.jpg,3417,118,beijing,,否,04月16日 13:30,2025-09-26T07:44:00.848Z
7642082069600,"打破职场偏见 绽放-她们精彩的职业人生",03/27 13:30,四川成都,https://usergroup.huodongxing.com/event/7642082069600?qd=8839540364256,https://cdn.huodongxing.com/logo/202203/7642082069600/484458906152274_v2.jpg,7642082069600.jpg,7737,173,chengdu,,否,03月27日 13:30,2025-09-26T07:44:00.848Z
9640010846400,"3月19日北京】机器学习Meetup  机器学习前沿快报！直击学术前沿与业务实战",03/19 13:00,北京海淀,https://usergroup.huodongxing.com/event/9640010846400?qd=8839540364256,https://cdn.huodongxing.com/logo/202203/9640010846400/424444523653333_v2.jpg,9640010846400.jpg,3292,119,beijing,机器学习;meetup,否,03月19日 13:00,2025-09-26T07:44:00.848Z
4631251331700,"云 PyTorch, 探讨 机器学习 如何驱动业务实践",01/15 13:30,上海徐汇,https://usergroup.huodongxing.com/event/4631251331700?qd=8839540364256,https://cdn.huodongxing.com/logo/202201/4631251331700/494383690843212_v2.jpg,4631251331700.jpg,1458,126,shanghai,机器学习,否,01月15日 13:30,2025-09-26T07:44:00.848Z
7628333688800,"深度学习算法优化最新研究  云上AIML工程化最佳实践分享交流会",12/26 13:30,北京海淀,https://usergroup.huodongxing.com/event/7628333688800?qd=8839540364256,https://cdn.huodongxing.com/logo/202112/7628333688800/224363428626453_v2.jpg,7628333688800.jpg,2013,102,beijing,ai;ml;深度学习,否,12月26日 13:30,2025-09-26T07:44:00.848Z
7627034132600,"玩转EKS科技沙龙分享会",12/11 13:30,上海徐汇,https://usergroup.huodongxing.com/event/7627034132600?qd=8839540364256,https://cdn.huodongxing.com/logo/202112/7627034132600/104354467898398_v2.jpg,7627034132600.jpg,299,39,shanghai,,否,12月11日 13:30,2025-09-26T07:44:11.012Z